Workbook
Name Slicer_Scope: #N/A

Sheet Activity Data
A1: Year | B1: Scope | C1: Source | D1: Quantity | E1: Unit | G1: Year | H1: Scope | I1: Employees | J1: Each commute per day | K1: Unit | L1: Working Days
A2: 2025 | B2: Scope 1 | C2: Gasoline - company vehicles | D2: 18000 | E2: gallons | G2: 2025 | H2: Scope 3 (Category 7) | I2: 50 | J2: 20 | K2: miles | L2: 250
A3: 2025 | B3: Scope 1 | C3: Diesel - company vehicles | D3: 12000 | E3: gallons | G3: Year | H3: Scope | I3: Mode | J3: Activity | K3: Unit | L3: Flight Distance
A4: 2025 | B4: Scope 1 | C4: Natural Gas (Boiler) | D4: 25000 | E4: therms | G4: 2025 | H4: Scope 3 (Category 6) | I4: Commercial Air Travel | J4: 10000 | K4: passenger-miles | L4: medium-haul (>= 300 miles, < 2300 miles)
G5: Year | H5: Scope | I5: Good | J5: Quantity | K5: Unit
A6: Year | B6: Scope | C6: Source | D6: Electricity use | E6: Unit | G6: 2025 | H6: Scope 3 (Category 1) | I6: Aluminum | J6: 10000 | K6: Kilograms
A7: 2025 | B7: Scope 2 | C7: Purchased electricity Green-Tech facility | D7: =SUBSTITUTE("500,000",",","") -> 500000 | E7: Kilowatt-hour | G7: Year | H7: Scope | I7: Good | J7: Quantity | K7: Unit | L7: Mode | M7: Distance | N7: Unit
A8: 2025 | B8: Scope 2 | C8: Renewable Energy Certif (RECs)-covered | D8: 300 | E8: Megawatt-hour | G8: 2025 | H8: Scope 3 (Category 4) | I8: Aluminum | J8: 10000 | K8: Kilograms | L8: Diesel freight truck | M8: 5000 | N8: Kilometers

Sheet Emission Factors
A1: Formulas: | C1: Column | D1: Purpose | F1: Scope | G1: Emission Source | H1: GHG | I1: Emission Factor | J1: Unit | K1: Source | M1: Stationary Combustion | N1: Formulas | P1: Conversions | Q1: Column1
A2: Activity Data * Emission factor = CO2e emissions | C2: Source | D2: Natural gas, gasoline, electricity, etc. | F2: Scope 1 | G2: Natural gas | H2: CO2 | I2: 53.06 | J2: Kg CO2/MMBtu | K2: EPA | M2: CH4 a 100-year GWP = 28 | N2: Kg CH4 * GWP = Kg CO2 | P2: Therms = mmBtu | Q2: Kg = tCO2 or Kg CO2e = tCO2e
A3: Example: No. of Therms * Kg CO2e / therm = X Kg CO2e | C3: Scope | D3: Scope 1/2/3 | F3: Scope 1 | G3: Natural gas | H3: CH4 | I3: 1 | J3: g CH4/MMBtu | K3: EPA | M3: N2O a 100-year GWP = 265 | N3: Kg N2O * GWP = Kg CO2 | P3: 1 = 0.1 | Q3: 1000 = 1
A4: Kg CO2e / 1000 = metric tons CO2e | C4: Category | D4: Stationary combustion, mobile combustion, etc. | F4: Scope 1 | G4: Natural gas | H4: N2O | I4: 0.1 | J4: g N2O/MMBtu | K4: EPA | N4: X Kg CO2e / 1000 = metric tons CO2 | P4: MWh = kWh | Q4: Kg = lbs
C5: Activity Unit | D5: therm, gallon, kWh, etc. | F5: Scope 1 | G5: Gasoline | H5: CO2 | I5: 8.89 | J5: Kg CO2/gallon | K5: EPA | M5: R-410A a 100-year GWP = 2088 | N5: Kg R-410A * GWP = Kg CO2 | P5: 1 = 1000 | Q5: 1 = 2.20462
C6: Emission Factor | D6: Numerical factor | F6: Scope 1 | G6: Diesel | H6: CO2 | I6: 10.21 | J6: Kg CO2/gallon | K6: EPA | M6: CO2 a 100-year GWP = 1 | N6: (carbon dioxide is the reference gas so GWP is 1)
C7: Factor Unit | D7: Kg CO2e/therm etc. | F7: Scope 1 | G7: Refrigerant | H7: R-410A | I7: GWP 2,088 | J7: Kg CO2e/Kg refrigerant | K7: EPA
C8: Source Organization | D8: EPA | F8: Scope 2 | G8: Purchased electricity | H8: CO2e | I8: 599.51 | J8: lb CO2e/MWh | K8: EPA eGRID 2023 RFC(E)
C9: Source Document | D9: GHG Emission Factors Hub (stationary and mobile combustion factors) | F9: Scope 3 Cat. 6 | G9: Business travel – medium haul | H9: CO2 | I9: 0.129 | J9: Kg CO2/passenger-mile | K9: EPA
C10: Factor Year | D10: 2025 | F10: Scope 3 Cat. 6 | G10: Business travel – medium haul | H10: CH4 | I10: 0.0006 | J10: g CH4/passenger-mile | K10: EPA
C11: Notes | D11: Any assumptions | F11: Scope 3 Cat. 6 | G11: Business travel – medium haul | H11: N2O | I11: 0.0041 | J11: g N2O/passenger-mile | K11: EPA
C12: 599.17 lb CO2e/MWh | D12: RFCE subregion - EPA's eGRID 2023 Summary Tables list | F12: Scope 3 Cat. 1 | G12: Aluminum | H12: CO2e | I12: 15–16 | J12: Kg CO2e/Kg aluminum | K12: IAI / Carbon Chain
F13: Scope 3 Cat. 4 | G13: Medium/heavy truck | H13: CO2 | I13: 0.186 | J13: Kg CO2/short ton-mile | K13: EPA
F14: Scope 3 Cat. 4 | G14: Medium/heavy truck | H14: CH4 | I14: 0.0016 | J14: g CH4/short ton-mile | K14: EPA
F15: Scope 3 Cat. 4 | G15: Medium/heavy truck | H15: N2O | I15: 0.0054 | J15: g N2O/short ton-mile | K15: EPA

Sheet Assumptions
A1: Item | B1: Assumption | E1: Category | F1: Assumption
A2: Reporting year | B2: 2025 | E2: Organizational boundary | F2: GreenTech uses an operational-control approach. Emissions from facilities and vehicles directly owned/controlled by GreenTech are included in Scope 1.
A3: Organizational approach | B3: Operational control | E3: Reporting period | F3: 2025 calendar year is used for the annual GHG inventory.
A4: Company | B4: GreenTech Manufacturing, Inc. | E4: GHG coverage | F4: CO2, CH4, and N2O are included where applicable.
A5: Facility | B5: 1 U.S. manufacturing facility | E5: Global warming potentials | F5: CH4 = 28 and N2O = 265; CO2 = 1.
A6: Emission factor source | B6: EPA GHG Emission Factors Hub | E6: Scope 1 - natural gas | F6: Natural gas is assumed to be combusted at a GreenTech-controlled facility.
A7: Emission factor source | B7: IAI / Carbon Chain | E7: Scope 1 - vehicles | F7: Gasoline and diesel consumed by company-owned/controlled vehicles are classified as Scope 1.
A8: GHG reporting unit | B8: metric tons CO₂e | E8: Scope 1 - refrigerant | F8: Refrigerant emissions represent a direct fugitive emission from GreenTech-controlled equipment.
E9: Scope 2 - electricity | F9: Purchased electricity is classified as Scope 2.
E10: Scope 2 - location-based | F10: Location-based emissions use the applicable regional grid-average emission factor.
E11: Scope 2 - market-based | F11: Market-based emissions use the contractual/purchased electricity information available for the example.
E12: RECs | F12: 200 MWh of electricity is assumed to be covered by renewable energy certificates (RECs).
E13: Scope 3 - commuting | F13: Employee commuting is treated as Scope 3 Category 7.
E14: Scope 3 - business travel | F14: Employee business travel is treated as Scope 3 Category 6.
E15: Scope 3 - purchased aluminum | F15: Aluminum used in company components is treated as Scope 3 Category 1.
E16: Scope 3 - freight | F16: Supplier-to-GreenTech transportation is treated as Scope 3 Category 4 (Upstream Transportation and Distribution).
E17: Unit conversion | F17: Electricity: 1 MWh = 1,000 kWh.
E18: Unit conversion | F18: 1 metric tonne = 1,000 kg.
E19: Unit conversion | F19: Emissions are ultimately reported as metric tonnes CO2e (tCO2e).
E20: Data limitation | F20: Where company-specific activity data or emission factors were unavailable, representative published factors were used for the demonstration inventory.

Sheet Scope 1
A1: Fuel | B1: Vehicles | C1: Quantity (gal) | D1: Emission Factor (Kg CO2e/gal) | E1: Emissions (Kg CO2e) | F1: Emissions (tCO2e)
A2: Gasoline | B2: Truck | C2: 18000 | D2: 8.89 | E2: =C2*D2 -> 160020 | F2: =E2/1000 -> 160.02
A3: Diesel | B3: Truck | C3: 12000 | D3: 10.21 | E3: 122520 | F3: 122.52
A4: Total | C4: =SUM(C2:C3) -> 30000 | E4: =SUM(E2:E3) -> 282540 | F4: =SUM(F2:F3) -> 282.54
A6: Fuel | B6: Equipment | C6: Quantity (therms) | D6: Therms to MMBtu | E6: Emission factor (g CH4/mmBtu) | F6: Emissions (Kg CH4) | G6: Emissions Factor (GWP) | H6: Emissions (Kg CO2e) | I6: Emissions (tCO2e)
A7: Natural Gas (CH4) | B7: Boiler | C7: 25000 | D7: 2500 | E7: 1 | F7: =(D7*E7)/1000 -> 2.5 | G7: 28 | H7: =F7*G7 -> 70 | I7: =H7/1000 -> 0.07
A8: Fuel | B8: Equipment | C8: Quantity (therms) | D8: Therms to MMBtu | E8: Emission factor (g N2O/mmBtu) | F8: Emissions (Kg N2O) | G8: Emissions Factor (GWP) | H8: Emissions (Kg CO2e) | I8: Emissions (tCO2e)
A9: Natural Gas (N2O) | B9: Boiler | C9: 25000 | D9: 2500 | E9: 0.1 | F9: =(D9*E9)/1000 -> 0.25 | G9: 265 | H9: =F9*G9 -> 66.25 | I9: =H9/1000 -> 0.06625
A11: Fuel | B11: Equipment | C11: Quantity (therms) | D11: Therms to MMBtu | E11: Emission factor (Kg CO2/mmBtu) | F11: Emissions (Kg CO2) | G11: Emissions (tCO2) | H11: Emissions (tCO2e)
A12: Natural Gas | B12: Boiler | C12: 25000 | D12: =C12*0.1 -> 2500 | E12: 53.06 | F12: =D12*E12 -> 132650 | G12: =F12/1000 -> 132.65 | H12: =Table9[[#This Row],[Emissions (tCO2)]]*1 -> 132.65
A14: Fuel | B14: Total (tCO2e) (CO2, CH4, N2O)
A15: Natural Gas | B15: =SUM(Table9[Emissions (tCO2)],I7,I9) -> 132.78625
A18: Refrigerent (chemical) | B18: Quantity (Kg) | C18: GWP Emission Factor (Kg CO2e/Kg R-410A) | D18: Emissions (Kg CO2e) | E18: Emissions (tCO2e)
A19: R-410A | B19: 20 | C19: 2088 | D19: =B19*C19 -> 41760 | E19: =D19/1000 -> 41.76

Sheet Scope 2
A1: Location-based: | B1: Average Grid emissions
A2: Year | B2: Month | C2: Source | D2: Electricity use | E2: Unit | F2: Electricity use (MWh) | G2: Emission Factor (lb CO2e / MWh) | H2: Emissions (lb CO2e) | I2: Emissions (Kg CO2e) | J2: Emissions (tCO2e)
A3: 2025 | B3: Annual | C3: Purchased electricity Green-Tech facility | D3: =SUBSTITUTE("500,000",",","") -> 500000 | E3: kWh | F3: =D3/1000 -> 500 | G3: 599.17 | H3: =F3*G3 -> 299585 | I3: =H3/2.20462 -> 135889.63 | J3: =I3/1000 -> 135.88963
A4: Market-based: | B4: Qualifying contractual electricity choices
A5: Year | B5: Month | C5: Source | D5: Electricity use (total) | E5: Unit | F5: Renewable Energy Certif (RECs)-covered | G5: Not-RECs covered | H5: Emission Factor (lb CO2e / MWh) | I5: Emissions (lb CO2e) | J5: Emissions (Kg CO2e) | K5: Emissions (tCO2e)
A6: 2025 | B6: Annual | C6: Purchased electricity Green-Tech facility | D6: 500 | E6: MWh | F6: 300 | G6: N/A | H6: 0 | I6: 0 | J6: 0 | K6: 0
A7: 2025 | B7: Annual | C7: Purchased electricity Green-Tech facility | D7: 500 | E7: MWh | F7: N/A | G7: 200 | H7: 450 | I7: =G7*H7 -> 90000 | J7: =I7/2.20462 -> 40823.362 | K7: =J7/1000 -> 40.823362
A9: Location-based | B9: =J3 -> 135.88963
A10: Market-based | B10: =K7 -> 40.823362
A12: Location-based: What emissions are associated with the average electricity grid serving the facility?
A13: Market-based: What emissions are associated with the electricity supply choices/contracts the company has made?

Sheet Scope 3 
A1: Category 7: Employee Commute
A2: Employees | B2: Each commute (Avg miles per workday) | C2: Working days | D2: Total employee-commuting miles (year) | E2: Emissions Factor (Kg CO2e/mile) | F2: Emissions (Kg CO2e) | G2: Emissions (tCO2e)
A3: 50 | B3: 20 | C3: 250 | D3: =A3*B3*C3 -> 250000 | E3: 0.391 | F3: =D3*E3 -> 97750 | G3: =F3/1000 -> 97.75
A5: Category 6: Business Travel
A6: Mode | B6: Activity (passenger-miles) | C6: Flight distance | D6: Kg CO2/ passenger-mile | E6: g CH4/ passenger-mile | F6: g N2O/ passenger-mile | G6: Emissions (Kg CO2) | H6: Emissions (g CH4) | I6: Emissions (g N2O) | J6: Emissions (Kg CH4) | K6: Emissions (Kg N2O) | L6: GWP (CO2) | M6: GWP (CH4) | N6: GWP (N2O) | O6: Emissions (Kg CO2e)
A7: Commercial air travel | B7: 100000 | C7: medium-haul (>= 300 miles, < 2300 miles) | D7: 0.129 | G7: =B7*D7 -> 12900 | L7: 1 | O7: =G7*L7 -> 12900
A8: Commercial air travel | B8: 100000 | C8: medium-haul (>= 300 miles, < 2300 miles) | E8: 0.0006 | F8: 0.0041 | H8: =B7*E8 -> 60 | J8: =H8/1000 -> 0.06 | M8: 28 | O8: =J8*M8 -> 1.68
A9: Commercial air travel | B9: 100000 | C9: medium-haul (>= 300 miles, < 2300 miles) | I9: =B7*F8 -> 410 | K9: =I9/1000 -> 0.41 | N9: 265 | O9: =K9*N9 -> 108.65
A11: Emissions (tCO2e) | B11: =SUM(O7:O9)/1000 -> 13.01033
A13: Category 1: Purchased Goods & Services
A14: Good | B14: Quantity (Kg) | C14: Emission Factor (Kg CO2e / Kg aluminum) | D14: Emissions (Kg CO2e) | E14: Emissions (tCO2e)
A15: Aluminum | B15: 10000 | C15: 14.8 | D15: =B15*C15 -> 148000 | E15: =D15/1000 -> 148
A17: Category 4: Upstream Transportation & Distribution
A18: Good | B18: Quantity (Kg) | C18: Mode | D18: Distance (Km) | E18: Quantity (short ton) | F18: Distance (miles) | G18: Activity unit (short ton-miles) | H18: Emissions factor (Kg CO2 / short ton-mile) | I18: Emissions factor (g CH4 / short ton-mile) | J18: Emissions factor (g N2O / short ton-mile) | K18: Emissions (Kg CO2) | L18: Emissions (Kg CH4) | M18: Emissions (Kg N2O) | N18: Emissions (Kg CO2e) | O18: Emissions (Kg CO2e)2 | P18: Emissions (Kg CO2e)3
A19: Aluminum | B19: 10000 | C19: diesel freight truck | D19: 5000 | E19: =B19/907.185 -> 11.02311 | F19: =D19*0.621371 -> 3106.855 | G19: =E19*F19 -> 34247.204 | H19: 0.186 | I19: 0.0016 | J19: 0.0054 | K19: =G19*H19 -> 6369.98 | L19: =(G19*I19)/1000 -> 0.054795527 | M19: =(G19*J19)/1000 -> 0.1849349 | N19: =K19*1 -> 6369.98 | O19: =L19*28 -> 1.5342748 | P19: =M19*265 -> 49.007749
A21: Emissions (tCO2e) | B21: =SUM(N19:P19)/1000 -> 6.420522

Sheet GHG Inventory Summary
A1: Scope | B1: Emissions Source | C1: Emissions (tCO2e) | D1: % of Total Emissions | E1: % of Total Emissions | H1: Scope | I1: Emissions Source | J1: Emissions (tCO2e) | K1: % of Total Emissions | L1: % of Total Emissions | O1: Scope | P1: Emissions (tCO₂e) | Q1: % of Total | X1: GHG Reduction Scenario: 20%
A2: Scope 1 | B2: Gasoline Trucks | C2: =Table8[[#This Row],[Emissions (tCO2e)]] -> 160.02 | D2: =(C2/$C$16)*100 -> 18.646943 | E2: =(C2/$C$17)*100 -> 20.969991 | H2: Scope 1 | I2: Gasoline Trucks | J2: =Table8[[#This Row],[Emissions (tCO2e)]] -> 160.02 | K2: =(J2/$C$16)*100 -> 18.646943 | L2: =(J2/$C$17)*100 -> 20.969991 | O2: Scope 1 | P2: 457.08625 | Q2: =(P2/$P$5)*100 -> 53.263726 | X2: Emissions Source | Y2: Current Emissions (tCO2e) | Z2: Reduction Target | AA2: Emissions Avoided (tCO2e) | AB2: Remaining Emissions (tCO2e)
A3: Scope 1 | B3: Diesel Trucks | C3: =Table8[[#This Row],[Emissions (tCO2e)]] -> 122.52 | D3: =(C3/$C$16)*100 -> 14.277112 | E3: =(C3/$C$17)*100 -> 16.055763 | H3: Scope 1 | I3: Diesel Trucks | J3: =Table8[[#This Row],[Emissions (tCO2e)]] -> 122.52 | K3: =(J3/$C$16)*100 -> 14.277112 | L3: =(J3/$C$17)*100 -> 16.055763 | O3: Scope 2 (Location-based) | P3: 135.89 | Q3: =(P3/$P$5)*100 -> 15.835103 | X3: Gasoline Trucks | Y3: 160.02 | Z3: 0.2 | AA3: =Y3*0.2 -> 32.004 | AB3: =Y3-AA3 -> 128.016
A4: Scope 1 | B4: Natural Gas (boiler) | C4: ='Scope 1'!B15 -> 132.78625 | D4: =(C4/$C$16)*100 -> 15.473426 | E4: =(C4/$C$17)*100 -> 17.401115 | H4: Scope 1 | I4: Natural Gas (Boiler) | J4: =C4 -> 132.78625 | K4: =(J4/$C$16)*100 -> 15.473426 | L4: =(J4/$C$17)*100 -> 17.401115 | O4: Scope 3 | P4: 265.18085 | Q4: =(P4/$P$5)*100 -> 30.901214 | X4: Aluminum | Y4: 148 | Z4: 0.2 | AA4: =Y4*0.2 -> 29.6 | AB4: =Y4-AA4 -> 118.4
A5: Scope 1 | B5: Refrigerent (chemical) | C5: {=Table11[Emissions (tCO2e)]} -> 41.76 | D5: =(C5/$C$16)*100 -> 4.8662439 | E5: =(C5/$C$17)*100 -> 5.4724835 | H5: Scope 1 | I5: Refrigerent (Chemical) | J5: {=Table11[Emissions (tCO2e)]} -> 41.76 | K5: =(J5/$C$16)*100 -> 4.8662439 | L5: =(J5/$C$17)*100 -> 5.4724835 | O5: Total | P5: =C16 -> 858.15673 | Q5: =SUM(Q2:Q4) -> 100.00004 | X5: Natural Gas Boiler | Y5: 132.78625 | Z5: 0.2 | AA5: =Y5*0.2 -> 26.55725 | AB5: =Y5-AA5 -> 106.229
A6: Scope 1 Total | C6: =SUM(C2:C5) -> 457.08625 | H6: Scope 2 | I6: Location-based (Grid) | J6: =C7 -> 135.88963 | K6: =(J6/$C$16)*100 -> 15.83506 | L6: =(J6/$C$17)*100 -> 17.807801 | X6: Total | Y6: =SUM(Y3:Y5) -> 440.80625 | AA6: =SUM(AA3:AA5) -> 88.16125 | AB6: =SUM(AB3:AB5) -> 352.645
A7: Scope 2 | B7: Location-based (Grid) | C7: ='Scope 2'!B9 -> 135.88963 | D7: =(C7/$C$16)*100 -> 15.83506 | E7: =(C7/$C$17)*100 -> 17.807801 | H7: Scope 3 | I7: Employee commute | J7: {=Table13[Emissions (tCO2e)]} -> 97.75 | K7: =(J7/$C$16)*100 -> 11.390693 | L7: =(J7/$C$17)*100 -> 12.809753
A8: Scope 2 | B8: Market-based (contractual ) | C8: ='Scope 2'!B10 -> 40.823362 | D8: =(C8/$C$16)*100 -> 4.7570986 | E8: =(C8/$C$17)*100 -> 5.3497408 | H8: Scope 3 | I8: Business Travel | J8: =C12 -> 13.01033 | K8: =(J8/$C$16)*100 -> 1.5160785 | L8: =(J8/$C$17)*100 -> 1.7049525 | O8: Scope | P8: Emissions (tCO₂e) | Q8: % of Total | X8: Metric | Y8: Result (tCO2e) | AA8: Scenario | AB8: Emissions (tCO₂e)
A9: Scope 2 Total (Location) | C9: =SUM(C7) -> 135.88963 | H9: Scope 3 | I9: Aluminum | J9: =C13 -> 148 | K9: =(J9/$C$16)*100 -> 17.246267 | L9: =(J9/$C$17)*100 -> 19.394817 | O9: Scope 1 | P9: 457.08625 | Q9: =(P9/$P$12)*100 -> 59.899389 | X9: Original emissions | Y9: 858.16 | AA9: Baseline | AB9: 858.1571
A10: Scope 2 Total (Market) | C10: =SUM(C8) -> 40.823362 | H10: Scope 3 | I10: Aluminum (Diesel Frieght Truck) | J10: =C14 -> 6.420522 | K10: =(J10/$C$16)*100 -> 0.74817592 | L10: =(J10/$C$17)*100 -> 0.84138412 | O10: Scope 2 (market-based) | P10: 40.82 | Q10: =(P10/$P$12)*100 -> 5.3493035 | X10: Total emissions avoided | Y10: =SUM(AA3:AA5) -> 88.16125 | AA10: After 20% reductions | AB10: 769.99585
A11: Scope 3 | B11: Employee commute | C11: {=Table13[Emissions (tCO2e)]} -> 97.75 | D11: =(C11/$C$16)*100 -> 11.390693 | E11: =(C11/$C$17)*100 -> 12.809753 | O11: Scope 3 | P11: 265.18085 | Q11: =(P11/$P$12)*100 -> 34.750927 | X11: Projected emissions | Y11: =Y9-Y10 -> 769.99875
A12: Scope 3 | B12: Business Travel | C12: ='Scope 3 '!B11 -> 13.01033 | D12: =(C12/$C$16)*100 -> 1.5160785 | E12: =(C12/$C$17)*100 -> 1.7049525 | O12: Total | P12: 763.09 | Q12: =SUM(Q9:Q11) -> 99.99962 | X12: Overall reduction | Y12: =(Y10/Y9)*100 -> 10.273288
A13: Scope 3 | B13: Aluminum | C13: {=Table15[Emissions (tCO2e)]} -> 148 | D13: =(C13/$C$16)*100 -> 17.246267 | E13: =(C13/$C$17)*100 -> 19.394817
A14: Scope 3 | B14: Aluminum (diesel frieght truck) | C14: ='Scope 3 '!B21 -> 6.420522 | D14: =(C14/$C$16)*100 -> 0.74817592 | E14: =(C14/$C$17)*100 -> 0.84138412
A15: Scope 3 Total | C15: =SUM(C11:C14) -> 265.18085
A16: Total GHG Emissions (Location) | C16: =SUM(C6,C9,C15) -> 858.15673
A17: Total GHG Emissions (Market) | C17: =SUM(C15,C10,C6) -> 763.09046

Sheet Dashboard
A1: GreenTech Manufacturing - GHG Emissions Dashboard
A2: GHG Inventory Overview
B8: Emission Sources | C8: Emissions (tCO2e) | F8: Emission Sources | G8: Emissions (tCO2e) | J8: Scope | K8: Emissions (tCO2e) | M8: Metric | N8: Result (tCO2e) | P8: Scenario | Q8: Emissions (tCO2e)
B9: Scope 1 | C9: 457.08625 | F9: Gasoline Trucks | G9: 160.02 | J9: Scope 2 (Location-based) | K9: 135.89 | M9: Original emissions | N9: 858.16 | P9: Baseline | Q9: 858.1571
B10: Scope 2 | C10: 135.88963 | F10: Aluminum | G10: 148 | J10: Scope 2 (market-based) | K10: 40.82 | M10: Total emissions avoided | N10: =SUM('GHG Inventory Summary'!AA3:AA5) -> 88.16125 | P10: After 20% reductions | Q10: 769.99585
B11: Scope 3 | C11: 265.18085 | F11: Location-based (Grid) | G11: 135.88963 | M11: Projected emissions | N11: =N9-N10 -> 769.99875
B12: Grand Total | C12: 858.15673 | F12: Natural Gas (Boiler) | G12: 132.78625 | M12: Overall reduction | N12: =(N10/N9)*100 -> 10.273288
F13: Diesel Trucks | G13: 122.52
F14: Employee commute | G14: 97.75
F15: Refrigerent (Chemical) | G15: 41.76
F16: Business Travel | G16: 13.01033
F17: Aluminum (Diesel Frieght Truck) | G17: 6.420522
F18: Grand Total | G18: 858.15673
